"","site","variable","cum_elev","std_err","days"
"1","CovePoint","t0_t1",0.267605633802817,1.43847081594361,223
"2","ParkersCreek","t0_t1",2.27083333333333,0.6875529752847,123
"3","CovePoint","t0_t2",-3.64788732394366,1.44852642691688,420
"4","CovePoint","t0_t3",-0.957746478873239,1.29049093332003,595
"5","CovePoint","t0_t4",2.02816901408451,1.10949293818104,829
"6","CovePoint","t0_t5",5.56338028169014,1.18249002265072,953
"7","CovePoint","t0_t6",5.74647887323944,1.16465697920846,1136
"8","CovePoint","t0",0,0,0
"9","ParkersCreek","t0",0,0,0
